pid,outcome,seg_used,seg_total,n_input,n_clean,n_flat,n_extreme,n_saved,max_abs_diff,float32_rounding_bound,matches_saved,rejected,rej_pct
0284,Good,16,59,4238,4141,0,97,2000,3.0376208428606333e-05,8.828974387142807e-05,True,97,2.3
0286,Good,16,59,4510,4272,4,234,2000,3.0472166599793127e-05,6.893934914842248e-05,True,238,5.3
0299,Good,16,26,5565,5344,0,221,2000,8.983938641904388e-05,0.0002926378510892391,True,221,4.0
0311,Good,16,18,5256,5216,0,40,2000,1.51479187024961e-05,6.189483974594623e-05,True,40,0.8
0319,Good,16,22,5020,4094,912,926,2000,5.160466935194563e-05,0.00013147704885341227,True,1838,36.6
0335,Good,16,50,5616,5611,0,5,2000,1.5244588439600191e-05,5.227243673289195e-05,True,5,0.1
0337,Good,16,62,4676,4671,0,5,2000,2.970343462038727e-05,7.746277697151527e-05,True,5,0.1
0344,Poor,16,61,4678,4448,11,230,2000,9.321584457211428e-05,0.0002899517712648958,True,241,5.2
0346,Poor,15,15,5088,5065,0,23,2000,6.213726601345115e-05,0.000354481628164649,True,23,0.5
0348,Poor,16,51,5274,5256,0,18,2000,3.014848857674224e-05,9.782163397176191e-05,True,18,0.3
0371,Poor,16,23,4585,4260,0,325,2000,3.404575591048342e-05,0.00013214450154919177,True,325,7.1
0406,Poor,16,61,4539,4538,0,1,2000,3.020158590061328e-05,0.00011673971312120557,True,1,0.0
0418,Poor,9,9,3119,2967,16,152,2000,2.272355430932293e-06,9.048096217156854e-06,True,168,5.4
0422,Good,16,31,4980,4825,69,155,2000,1.4289325633853878e-05,4.403098864713684e-05,True,224,4.5
0424,Good,16,49,5760,4680,1080,0,2000,6.491454541901476e-05,0.00026249256916344166,True,1080,18.8
0463,Poor,16,27,5662,5338,262,97,2000,5.938654089732154e-05,0.00036763271782547235,True,359,6.3
0525,Poor,16,61,4677,4572,0,105,2000,1.522531795217219e-05,5.211501775193028e-05,True,105,2.2
